{"chat_blocked_until": 1774614284.265541, "embed_blocked_until": 1774612206.8131874}